{
	"GOOGLE_MAPS_KEY": "AIzaSyD-YafiC3rBAGvnRjc6NRYPTRYhpxN9uWs",
	"center": {"baltimore": [39.2846225,-76.7605721],
			"chicago": [41.8781136, -87.6298],
			"new_york": [40.735631,-73.9243867]}
}